text,category
Technology has transformed the way we communicate and work.,Technology
AI tools are revolutionizing modern education.,Technology
Smartphones have made information accessible instantly.,Technology
Cloud computing enables global collaboration efficiently.,Technology
Cybersecurity threats require advanced protective measures.,Technology
Vaccinations are essential for public health and safety.,Health
Meditation helps reduce stress and improve mental health.,Health
Regular exercise promotes physical and mental wellness.,Health
Nutrition plays a vital role in maintaining good health.,Health
Telemedicine allows remote consultations with doctors.,Health
The stock market fluctuates based on economic conditions.,Finance
Investors are cautious due to rising interest rates.,Finance
Diversifying investments reduces financial risk.,Finance
Cryptocurrency is gaining popularity among young investors.,Finance
Financial literacy is crucial for long-term wealth.,Finance
Football is one of the most popular sports in the world.,Sports
The Olympics bring together athletes globally.,Sports
Basketball games draw huge crowds every season.,Sports
Marathons test endurance and stamina of participants.,Sports
Swimming is a full-body exercise promoting fitness.,Sports
Climate change is affecting weather patterns globally.,Environment
Renewable energy sources help reduce carbon emissions.,Environment
Deforestation threatens biodiversity worldwide.,Environment
Recycling reduces waste and conserves natural resources.,Environment
Air pollution can cause respiratory problems.,Environment
Virtual reality is changing the gaming industry.,Technology
Machine learning algorithms optimize business processes.,Technology
Wearable devices track health metrics in real-time.,Technology
Automation improves efficiency in manufacturing.,Technology
Blockchain technology ensures secure transactions.,Technology
Mental health awareness is improving globally.,Health
Yoga enhances flexibility and reduces stress.,Health
Preventive care reduces long-term medical costs.,Health
Sleep quality is essential for overall health.,Health
Hydration affects both physical and cognitive performance.,Health
Economic forecasts help policymakers plan effectively.,Finance
Interest rates impact borrowing and investment.,Finance
Stock diversification balances potential losses.,Finance
Banking innovations simplify personal finance.,Finance
Insurance protects against unforeseen financial risks.,Finance
"Tennis requires agility, precision, and focus.",Sports
Cycling promotes cardiovascular health and endurance.,Sports
Soccer leagues attract fans worldwide.,Sports
Winter sports like skiing require specialized skills.,Sports
Athletic training programs improve performance.,Sports
Sustainable agriculture conserves soil and water.,Environment
Energy-efficient buildings reduce carbon footprint.,Environment
Ocean pollution threatens marine life.,Environment
Wildlife conservation preserves ecosystems.,Environment
Green technology drives environmental innovation.,Environment
